{
  "metadata": {
    "input_documents": [
      "Learn Acrobat - Create and Convert_1.pdf",
      "Learn Acrobat - Create and Convert_2.pdf",
      "Learn Acrobat - Edit_1.pdf",
      "Learn Acrobat - Edit_2.pdf",
      "Learn Acrobat - Export_1.pdf",
      "Learn Acrobat - Export_2.pdf",
      "Learn Acrobat - Fill and Sign.pdf",
      "Learn Acrobat - Generative AI_1.pdf",
      "Learn Acrobat - Generative AI_2.pdf",
      "Learn Acrobat - Request e-signatures_1.pdf",
      "Learn Acrobat - Request e-signatures_2.pdf",
      "Learn Acrobat - Share_1.pdf",
      "Learn Acrobat - Share_2.pdf",
      "Test Your Acrobat Exporting Skills.pdf",
      "The Ultimate PDF Sharing Checklist.pdf"
    ],
    "persona": "HR professional",
    "job_to_be_done": "Create and manage fillable forms for onboarding and compliance.",
    "processing_timestamp": "2025-07-23T23:02:20.589868"
  },
  "extracted_sections": [
    {
      "document": "Learn Acrobat - Fill and Sign.pdf",
      "section_title": "Fill and Sign PDF Forms You can easily fill, sign, and share your documents using Acrobat's Fill & Sign tool. Types of PDF forms",
      "page_number": 1,
      "importance_rank": 1
    },
    {
      "document": "Learn Acrobat - Fill and Sign.pdf",
      "section_title": "Is the form fillable?",
      "page_number": 8,
      "importance_rank": 2
    },
    {
      "document": "Learn Acrobat - Fill and Sign.pdf",
      "section_title": "Auto-Complete forms (interactive forms only)",
      "page_number": 10,
      "importance_rank": 3
    },
    {
      "document": "Learn Acrobat - Fill and Sign.pdf",
      "section_title": "Change flat forms to fillable (Acrobat Pro)",
      "page_number": 12,
      "importance_rank": 4
    },
    {
      "document": "Learn Acrobat - Create and Convert_2.pdf",
      "section_title": "Create PDFs by printing to file",
      "page_number": 12,
      "importance_rank": 5
    },
    {
      "document": "Learn Acrobat - Create and Convert_2.pdf",
      "section_title": "Create a PDF using the Print command (Windows)",
      "page_number": 12,
      "importance_rank": 6
    },
    {
      "document": "Learn Acrobat - Create and Convert_2.pdf",
      "section_title": "Create a PDF using the Print command (Mac OS X)",
      "page_number": 12,
      "importance_rank": 7
    },
    {
      "document": "Learn Acrobat - Fill and Sign.pdf",
      "section_title": "Types of PDF forms",
      "page_number": 2,
      "importance_rank": 8
    },
    {
      "document": "Learn Acrobat - Fill and Sign.pdf",
      "section_title": "Fill and sign PDF forms",
      "page_number": 2,
      "importance_rank": 9
    },
    {
      "document": "Learn Acrobat - Fill and Sign.pdf",
      "section_title": "Fill in PDF Forms",
      "page_number": 8,
      "importance_rank": 10
    },
    {
      "document": "Learn Acrobat - Fill and Sign.pdf",
      "section_title": "Fill in interactive forms",
      "page_number": 8,
      "importance_rank": 11
    },
    {
      "document": "Learn Acrobat - Fill and Sign.pdf",
      "section_title": "Save forms",
      "page_number": 13,
      "importance_rank": 12
    },
    {
      "document": "Learn Acrobat - Fill and Sign.pdf",
      "section_title": "Print forms",
      "page_number": 14,
      "importance_rank": 13
    },
    {
      "document": "Learn Acrobat - Fill and Sign.pdf",
      "section_title": "Clear unsaved form entries",
      "page_number": 15,
      "importance_rank": 14
    },
    {
      "document": "Learn Acrobat - Request e-signatures_1.pdf",
      "section_title": "Manage your bulk sends",
      "page_number": 17,
      "importance_rank": 15
    },
    {
      "document": "Learn Acrobat - Request e-signatures_1.pdf",
      "section_title": "Create the appearance of a certificate-based signature",
      "page_number": 25,
      "importance_rank": 16
    }
  ],
  "subsection_analysis": [
    {
      "document": "Learn Acrobat - Fill and Sign.pdf",
      "refined_text": "Content related to 'Fill and Sign PDF Forms You can easily fill, sign, and share your documents using Acrobat's Fill & Sign tool. Types of PDF forms' from page 1.",
      "page_number": 1
    },
    {
      "document": "Learn Acrobat - Fill and Sign.pdf",
      "refined_text": "Content related to 'Is the form fillable?' from page 8.",
      "page_number": 8
    },
    {
      "document": "Learn Acrobat - Fill and Sign.pdf",
      "refined_text": "Content related to 'Auto-Complete forms (interactive forms only)' from page 10.",
      "page_number": 10
    },
    {
      "document": "Learn Acrobat - Fill and Sign.pdf",
      "refined_text": "Content related to 'Change flat forms to fillable (Acrobat Pro)' from page 12.",
      "page_number": 12
    },
    {
      "document": "Learn Acrobat - Create and Convert_2.pdf",
      "refined_text": "Content related to 'Create PDFs by printing to file' from page 12.",
      "page_number": 12
    },
    {
      "document": "Learn Acrobat - Create and Convert_2.pdf",
      "refined_text": "Content related to 'Create a PDF using the Print command (Windows)' from page 12.",
      "page_number": 12
    },
    {
      "document": "Learn Acrobat - Create and Convert_2.pdf",
      "refined_text": "Content related to 'Create a PDF using the Print command (Mac OS X)' from page 12.",
      "page_number": 12
    },
    {
      "document": "Learn Acrobat - Fill and Sign.pdf",
      "refined_text": "Content related to 'Types of PDF forms' from page 2.",
      "page_number": 2
    },
    {
      "document": "Learn Acrobat - Fill and Sign.pdf",
      "refined_text": "Content related to 'Fill and sign PDF forms' from page 2.",
      "page_number": 2
    },
    {
      "document": "Learn Acrobat - Fill and Sign.pdf",
      "refined_text": "Content related to 'Fill in PDF Forms' from page 8.",
      "page_number": 8
    },
    {
      "document": "Learn Acrobat - Fill and Sign.pdf",
      "refined_text": "Content related to 'Fill in interactive forms' from page 8.",
      "page_number": 8
    },
    {
      "document": "Learn Acrobat - Fill and Sign.pdf",
      "refined_text": "Content related to 'Save forms' from page 13.",
      "page_number": 13
    },
    {
      "document": "Learn Acrobat - Fill and Sign.pdf",
      "refined_text": "Content related to 'Print forms' from page 14.",
      "page_number": 14
    },
    {
      "document": "Learn Acrobat - Fill and Sign.pdf",
      "refined_text": "Content related to 'Clear unsaved form entries' from page 15.",
      "page_number": 15
    },
    {
      "document": "Learn Acrobat - Request e-signatures_1.pdf",
      "refined_text": "Content related to 'Manage your bulk sends' from page 17.",
      "page_number": 17
    },
    {
      "document": "Learn Acrobat - Request e-signatures_1.pdf",
      "refined_text": "Content related to 'Create the appearance of a certificate-based signature' from page 25.",
      "page_number": 25
    }
  ]
}